Matricaria,Matricaria chamomilla,Europe,flower,48.8832329058769, 12.548061883033519,13245,true
Oak,Quercus robur,Africa,tree,32.884937943654414,9.574105604341886,68790,true
